INSERT INTO `Forecast` (`ForecastId`, `ForecastCode`, `CountryCode`, `CityCode`, `Date`, `Temperature`, `Summary`, `CreateTime`, `UpdateTime`) VALUES ('00000000-0000-0000-0000-000000000001', '0000-0000-0000-0001', 'JPN', 'TYO', '2021-01-01', 8, 'Cool', '2021-01-01 00:00:00', '2021-01-01 00:00:00');
INSERT INTO `Forecast` (`ForecastId`, `ForecastCode`, `CountryCode`, `CityCode`, `Date`, `Temperature`, `Summary`, `CreateTime`, `UpdateTime`) VALUES ('00000000-0000-0000-0000-000000000002', '0000-0000-0000-0002', 'USA', 'NYC', '2021-01-02', 2, 'Chilly', '2021-01-02 00:00:00', '2021-01-02 00:00:00');

INSERT INTO `Account` (`AccountId`, `UserId`, `Roles`, `Status`, `LastLoginTime`,`CreateTime`, `UpdateTime`) VALUES ('00000000-B001-0000-0000-000000000000', '00000000-1001-0000-0000-000000000000', '["Owner"]', 'NORMAL', null, UTC_TIMESTAMP(), UTC_TIMESTAMP());

INSERT INTO `Application` (`ApplicationId`, `ClientId`, `ClientSecret`, `Name`, `Description`, `Roles`, `Scopes`, `GrantTypes`, `RedirectUris`, `PostLogoutRedirectUris`, `Status`, `CreateTime`, `UpdateTime`) VALUES ('00000000-A001-0000-0000-000000000000', 'owner-normal',        'owner-secret',       'owner-normal',         '', '["Owner"]',       '["full_control","read","write"]', '["client_credentials"]', '[]', '[]', 'NORMAL',    UTC_TIMESTAMP(), UTC_TIMESTAMP());
INSERT INTO `Application` (`ApplicationId`, `ClientId`, `ClientSecret`, `Name`, `Description`, `Roles`, `Scopes`, `GrantTypes`, `RedirectUris`, `PostLogoutRedirectUris`, `Status`, `CreateTime`, `UpdateTime`) VALUES ('00000000-A002-0000-0000-000000000000', 'owner-suspended',     'owner-secret',       'owner-suspended',      '', '["Owner"]',       '["full_control,"read","write""]', '["client_credentials"]', '[]', '[]', 'SUSPENDED', UTC_TIMESTAMP(), UTC_TIMESTAMP());
INSERT INTO `Application` (`ApplicationId`, `ClientId`, `ClientSecret`, `Name`, `Description`, `Roles`, `Scopes`, `GrantTypes`, `RedirectUris`, `PostLogoutRedirectUris`, `Status`, `CreateTime`, `UpdateTime`) VALUES ('00000000-A003-0000-0000-000000000000', 'reader-read',         'reader-secret',      'reader-read',          '', '["Reader"]',      '["read"]',                        '["client_credentials"]', '[]', '[]', 'NORMAL',    UTC_TIMESTAMP(), UTC_TIMESTAMP());
INSERT INTO `Application` (`ApplicationId`, `ClientId`, `ClientSecret`, `Name`, `Description`, `Roles`, `Scopes`, `GrantTypes`, `RedirectUris`, `PostLogoutRedirectUris`, `Status`, `CreateTime`, `UpdateTime`) VALUES ('00000000-A004-0000-0000-000000000000', 'contributor-write',   'contributor-secret', 'contributor-write',    '', '["Contributor"]', '["read","write"]',                '["client_credentials"]', '[]', '[]', 'NORMAL',    UTC_TIMESTAMP(), UTC_TIMESTAMP());
INSERT INTO `Application` (`ApplicationId`, `ClientId`, `ClientSecret`, `Name`, `Description`, `Roles`, `Scopes`, `GrantTypes`, `RedirectUris`, `PostLogoutRedirectUris`, `Status`, `CreateTime`, `UpdateTime`) VALUES ('00000000-A005-0000-0000-000000000000', 'password',            'password-secret',    'password',             '', '["Reader"]',      '["read"]',                        '["password"]',           '[]', '[]', 'NORMAL',    UTC_TIMESTAMP(), UTC_TIMESTAMP());
INSERT INTO `Application` (`ApplicationId`, `ClientId`, `ClientSecret`, `Name`, `Description`, `Roles`, `Scopes`, `GrantTypes`, `RedirectUris`, `PostLogoutRedirectUris`, `Status`, `CreateTime`, `UpdateTime`) VALUES ('00000000-A006-0000-0000-000000000000', 'clientapp-normal',    '',                   'clientapp-normal',     '', '["User"]',        '["user"]',                        '["authorization_code"]', '["https://localhost:8080"]', '["https://localhost:8080/logout"]', 'NORMAL',    UTC_TIMESTAMP(), UTC_TIMESTAMP());
INSERT INTO `Application` (`ApplicationId`, `ClientId`, `ClientSecret`, `Name`, `Description`, `Roles`, `Scopes`, `GrantTypes`, `RedirectUris`, `PostLogoutRedirectUris`, `Status`, `CreateTime`, `UpdateTime`) VALUES ('00000000-A007-0000-0000-000000000000', 'clientapp-suspended', '',                   'clientapp-suspended',  '', '["User"]',        '["user"]',                        '["authorization_code"]', '["https://localhost:8080"]', '["https://localhost:8080/logout"]', 'SUSPENDED', UTC_TIMESTAMP(), UTC_TIMESTAMP());
INSERT INTO `Application` (`ApplicationId`, `ClientId`, `ClientSecret`, `Name`, `Description`, `Roles`, `Scopes`, `GrantTypes`, `RedirectUris`, `PostLogoutRedirectUris`, `Status`, `CreateTime`, `UpdateTime`) VALUES ('00000000-A008-0000-0000-000000000000', 'clientapp-normal2',   '',                   'clientapp-normal',     '', '["User"]',        '["user"]',                        '["authorization_code"]', '["https://localhost:8080"]', '["https://localhost:8080/logout"]', 'NORMAL',    UTC_TIMESTAMP(), UTC_TIMESTAMP());

INSERT INTO `AccessToken` (`Token`, `Name`, `Description`, `ApplicationId`, `PrincipalType`, `PrincipalId`, `Scopes`, `Status`, `ExpiryTime`, `CreateTime`, `UpdateTime`) VALUES ('normal',       'full_control', '', '00000000-A001-0000-0000-000000000000', 'Application', '00000000-A001-0000-0000-000000000000', '["full_control"]', 'NORMAL', '9999-12-31 23:59:59', UTC_TIMESTAMP(), UTC_TIMESTAMP());
INSERT INTO `AccessToken` (`Token`, `Name`, `Description`, `ApplicationId`, `PrincipalType`, `PrincipalId`, `Scopes`, `Status`, `ExpiryTime`, `CreateTime`, `UpdateTime`) VALUES ('normal-read',  'read',         '', '00000000-A001-0000-0000-000000000000', 'Application', '00000000-A001-0000-0000-000000000000', '["read"]',         'NORMAL', '9999-12-31 23:59:59', UTC_TIMESTAMP(), UTC_TIMESTAMP());
INSERT INTO `AccessToken` (`Token`, `Name`, `Description`, `ApplicationId`, `PrincipalType`, `PrincipalId`, `Scopes`, `Status`, `ExpiryTime`, `CreateTime`, `UpdateTime`) VALUES ('normal-write', 'write',        '', '00000000-A001-0000-0000-000000000000', 'Application', '00000000-A001-0000-0000-000000000000', '["write"]',        'NORMAL', '9999-12-31 23:59:59', UTC_TIMESTAMP(), UTC_TIMESTAMP());
INSERT INTO `AccessToken` (`Token`, `Name`, `Description`, `ApplicationId`, `PrincipalType`, `PrincipalId`, `Scopes`, `Status`, `ExpiryTime`, `CreateTime`, `UpdateTime`) VALUES ('suspended',    'full_control', '', '00000000-A001-0000-0000-000000000000', 'Application', '00000000-A001-0000-0000-000000000000', '["full_control"]', 'SUSPENDED', '9999-12-31 23:59:59', UTC_TIMESTAMP(), UTC_TIMESTAMP());
INSERT INTO `AccessToken` (`Token`, `Name`, `Description`, `ApplicationId`, `PrincipalType`, `PrincipalId`, `Scopes`, `Status`, `ExpiryTime`, `CreateTime`, `UpdateTime`) VALUES ('expired',      'full_control', '', '00000000-A001-0000-0000-000000000000', 'Application', '00000000-A001-0000-0000-000000000000', '["full_control"]', 'NORMAL', '2000-01-01 00:00:00', UTC_TIMESTAMP(), UTC_TIMESTAMP());
INSERT INTO `AccessToken` (`Token`, `Name`, `Description`, `ApplicationId`, `PrincipalType`, `PrincipalId`, `Scopes`, `Status`, `ExpiryTime`, `CreateTime`, `UpdateTime`) VALUES ('exception',    'full_control', '', '00000000-A001-0000-0000-000000000000', 'EXCEPTIO',    '00000000-A001-0000-0000-000000000000', '["full_control"]', 'NORMAL', '2000-01-01 00:00:00', UTC_TIMESTAMP(), UTC_TIMESTAMP());
INSERT INTO `AccessToken` (`Token`, `Name`, `Description`, `ApplicationId`, `PrincipalType`, `PrincipalId`, `Scopes`, `Status`, `ExpiryTime`, `CreateTime`, `UpdateTime`) VALUES ('user',         'user',         '', '00000000-A006-0000-0000-000000000000', 'User',        '00000000-B001-0000-0000-000000000000', '["user"]',         'NORMAL', '9999-12-31 23:59:59', UTC_TIMESTAMP(), UTC_TIMESTAMP());

INSERT INTO `AuthorizationCode` (`Code`, `ApplicationId`, `AccountId`, `Status`, `ExpiryTime`, `CreateTime`, `UpdateTime`) VALUES ('normal',  '00000000-A006-0000-0000-000000000000', '00000000-B001-0000-0000-000000000000', 'NORMAL', '9999-12-31 23:59:59', UTC_TIMESTAMP(), UTC_TIMESTAMP());
INSERT INTO `AuthorizationCode` (`Code`, `ApplicationId`, `AccountId`, `Status`, `ExpiryTime`, `CreateTime`, `UpdateTime`) VALUES ('normal2', '00000000-A008-0000-0000-000000000000', '00000000-B001-0000-0000-000000000000', 'NORMAL', '9999-12-31 23:59:59', UTC_TIMESTAMP(), UTC_TIMESTAMP());
INSERT INTO `AuthorizationCode` (`Code`, `ApplicationId`, `AccountId`, `Status`, `ExpiryTime`, `CreateTime`, `UpdateTime`) VALUES ('used',    '00000000-A007-0000-0000-000000000000', '00000000-B001-0000-0000-000000000000', 'USED',   '9999-12-31 23:59:59', UTC_TIMESTAMP(), UTC_TIMESTAMP());
